7492;75_150ns_733Pb_733_702_468_42bpi_20inj
7491;75_150ns_733Pb_733_702_468_42bpi_20inj
7490;75_150ns_733Pb_733_702_468_42bpi_20inj
7489;75_150ns_733Pb_733_702_468_42bpi_20inj
7488;75_150ns_733Pb_733_702_468_42bpi_20inj
7487;75_150ns_733Pb_733_702_468_42bpi_20inj
7486;75_150ns_733Pb_733_702_468_42bpi_20inj
7485;75_150ns_733Pb_733_702_468_42bpi_20inj
7484;100_150ns_648Pb_620_619_52_36bpi_20inj_V2
7483;100_150ns_648Pb_620_619_52_36bpi_20inj_V2
7482;75_150ns_733Pb_733_702_468_42bpi_20inj
7481;75_150ns_733Pb_733_702_468_42bpi_20inj
7480;75_150ns_733Pb_733_702_468_42bpi_20inj
7479;75_150ns_733Pb_733_702_468_42bpi_20inj
7478;100_150ns_20Pb_8_8_8_4bpi_8non-coll
7477;75_150ns_733Pb_733_702_468_42bpi_20inj
7476;75_150ns_733Pb_733_702_468_42bpi_20inj
7475;75_150ns_733Pb_733_702_468_42bpi_20inj
7474;75_150ns_733Pb_733_702_468_42bpi_20inj
7473;75_150ns_733Pb_733_702_468_42bpi_20inj
7472;75_150ns_733Pb_733_702_468_42bpi_20inj
7471;75_150ns_733Pb_733_702_468_42bpi_20inj
7470;75_150ns_733Pb_733_702_468_42bpi_20inj
7469;75_150ns_733Pb_733_702_468_42bpi_20inj
7468;75_150ns_733Pb_733_702_468_42bpi_20inj
7467;75_150ns_733Pb_733_702_468_42bpi_20inj
7466;75_150ns_670Pb_607_630_384_42bpi_18inj
7465;75_150ns_733Pb_733_702_468_42bpi_20inj
7464;75_150ns_460Pb_460_456_304_42bpi_13inj
7463;100_150ns_20Pb_8_8_8_4bpi_8non-coll
7462;100_150ns_20Pb_8_8_8_4bpi_8non-coll
7461;100_150ns_20Pb_8_8_8_4bpi_8non-coll
7460;75_150ns_460Pb_460_456_304_36bpi_17inj
7459;75_150ns_460Pb_460_456_304_36bpi_17inj
7458;75_150ns_460Pb_460_456_304_36bpi_17inj
7457;100_150ns_648Pb_620_619_52_36bpi_20inj_V2
7456;100_150ns_648Pb_620_619_52_36bpi_20inj_V2
7455;100_150ns_648Pb_620_619_52_36bpi_20inj_V2
7454;100_150ns_648Pb_620_619_52_36bpi_20inj_V2
7453;100_150ns_648Pb_620_619_52_36bpi_20inj_V2
7452;100_150ns_648Pb_620_619_52_36bpi_20inj_V2
7451;100_150ns_648Pb_620_619_52_36bpi_20inj_V2
7450;100_150ns_648Pb_620_619_52_36bpi_20inj_V2
7449;100_150ns_648Pb_620_619_52_36bpi_20inj_V2
7448;100_150ns_648Pb_620_619_52_36bpi_20inj_V2
7447;100_150ns_648Pb_620_619_52_36bpi_20inj_V2
7446;100_150ns_648Pb_620_619_52_36bpi_20inj_V2
7445;100_150ns_648Pb_620_619_52_36bpi_20inj_V2
7444;100_150ns_648Pb_620_619_52_36bpi_20inj_V2
7443;100_150ns_648Pb_620_619_52_36bpi_20inj_V2
7442;100_150ns_632Pb_288_316_126_36bpi_20inj
7441;100_150ns_632Pb_288_316_126_36bpi_20inj
7440;100_150ns_648Pb_552_619_75_36bpi_20inj
7439;100_150ns_648Pb_552_619_75_36bpi_20inj
7438;100_150ns_592Pb_456_560_132_24bpi_27inj
7437;100_150ns_484Pb_460_456_53_36bpi_17inj
7436;100_150ns_484Pb_460_458_53_24bpi_21inj
7435;100_150ns_260Pb_244_240_35_24bpi_13inj
7434;100_150ns_260Pb_244_240_35_24bpi_13inj
7433;100_150ns_260Pb_244_240_35_24bpi_13inj
7432;100_150ns_20Pb_8_8_8_4bpi_8non-coll
7431;100_150ns_20Pb_8_8_8_4bpi_8non-coll
7430;100_150ns_20Pb_8_8_8_4bpi_8non-coll
7429;100_150ns_20Pb_8_8_8_4bpi_8non-coll
7428;100_150ns_64Pb_40_45_45_20bpi_4inj
7427;100_150ns_64Pb_40_45_45_20bpi_4inj